step,train_loss,epoch
49,0.4098626375198364,0
99,-0.8974350094795227,1
149,-1.2579219341278076,2
199,-0.8920957446098328,3
